0,1,8.0906,0.29465
10,1,7.8519,1.0313
10,2,9.9891,0.27929
20,1,7.6132,1.7679
20,2,9.8588,1.0639
30,1,7.3641,2.5155
30,2,9.7287,1.8483
40,1,7.0987,3.2793
40,2,9.5674,2.6106
50,1,6.8335,4.0432
50,2,9.3932,3.3634
60,1,6.618,4.8508
60,2,9.2018,4.1119
70,1,6.4235,5.6771
70,2,8.8569,4.8211
80,1,6.229,6.5034
80,2,8.5123,5.5306
80,3,8.7521,0.078293
90,1,6.0479,7.3236
90,2,8.1507,6.2437
90,3,8.4562,0.65918
100,1,5.867,8.1435
100,2,7.7638,6.962
100,3,8.1603,1.2401
110,1,5.6925,8.9673
110,2,7.377,7.6805
110,3,7.8705,1.8279
120,1,5.5772,9.8237
120,2,7.0125,8.4194
120,3,7.6054,2.4437
130,1,5.462,10.68
130,2,6.6701,9.179
130,3,7.3402,3.0595
140,1,5.3395,11.527
140,2,6.3522,9.9466
140,3,7.077,3.6865
150,1,5.1885,12.333
150,2,6.1326,10.746
150,3,6.8159,4.3244
160,1,5.0374,13.14
160,2,5.913,11.546
160,3,6.555,4.9623
170,1,4.8937,13.952
170,2,5.8405,12.334
170,3,6.3006,5.5908
180,1,4.7808,14.782
180,2,5.8309,13.117
180,3,6.062,6.1965
190,1,4.6677,15.613
190,2,5.8328,13.897
190,3,5.8233,6.8024
200,2,5.8806,14.665
200,3,5.5846,7.4084
210,2,5.9283,15.433
210,3,5.3725,8.1176
220,3,5.1603,8.8271
230,3,4.9481,9.5364
230,4,9.0972,15.294
240,4,9.1624,14.615
240,5,8.5691,15.042
250,4,9.2275,13.936
250,5,8.5803,14.351
260,4,9.3383,13.24
260,5,8.5918,13.659
270,4,9.4946,12.529
270,5,8.7729,12.948
280,4,9.6509,11.818
280,5,8.9538,12.237
290,4,9.8509,11.139
290,5,9.1342,11.525
300,4,10.08,10.483
300,5,9.3087,10.804
310,4,10.307,9.8296
310,5,9.4831,10.084
320,4,10.52,9.206
320,5,9.6528,9.3876
330,4,10.732,8.5823
330,5,9.818,8.7158
340,4,10.913,7.9472
340,5,9.9834,8.0438
350,4,11.048,7.2947
350,5,10.136,7.3831
360,4,11.184,6.6423
360,5,10.287,6.7237
370,4,11.316,6.0039
370,5,10.438,6.0641
380,4,11.443,5.3864
380,5,10.607,5.4098
390,4,11.57,4.7691
390,5,10.777,4.7557
400,4,11.693,4.1413
400,5,10.947,4.1024
410,4,11.809,3.4979
410,5,11.109,3.4542
420,4,11.925,2.8545
420,5,11.271,2.8059
430,4,12.041,2.2111
430,5,11.42,2.1585
440,4,12.163,1.573
440,5,11.56,1.5118
450,4,12.285,0.93573
450,5,11.7,0.86501
460,4,12.408,0.29823
460,5,11.839,0.21825
470,4,12.531,-0.33906
470,5,11.979,-0.42872
500,6,9.0144,15.005
510,6,8.9805,14.576
520,6,8.9464,14.148
530,6,8.9218,13.712
540,6,8.912,13.265
550,6,8.902,12.817
560,6,9.0044,12.329
570,6,9.1065,11.84
580,6,9.1965,11.356
590,6,9.2378,10.892
600,6,9.2789,10.427
610,6,9.3256,9.9662
610,7,8.0984,11.282
610,8,11.741,0.18268
620,6,9.3853,9.5124
620,7,8.2576,10.821
620,8,11.617,0.7804
630,6,9.445,9.0586
630,7,8.4455,10.393
630,8,11.493,1.3781
640,6,9.5101,8.6051
640,7,8.676,10.014
640,8,11.41,1.9689
650,6,9.6254,8.1551
650,7,8.9068,9.6351
650,8,11.344,2.5567
660,6,9.7407,7.7051
660,7,9.1497,9.2527
660,8,11.278,3.1446
670,6,9.8516,7.2535
670,7,9.4106,8.8646
670,8,11.234,3.7402
680,6,9.9452,6.7951
680,7,9.6717,8.4765
680,8,11.196,4.3377
680,9,9.1273,15.115
680,10,8.3889,15.159
680,12,6.3448,10.43
690,6,10.039,6.3365
690,7,9.9342,8.0749
690,8,11.157,4.935
690,9,9.261,14.45
690,10,8.5082,14.472
690,12,6.0049,10.264
700,6,10.124,5.8899
700,7,10.203,7.6188
700,8,11.12,5.4973
700,9,9.3946,13.785
700,10,8.6276,13.784
700,12,5.6648,10.099
710,6,10.194,5.4611
710,7,10.471,7.1628
710,8,11.085,6.0446
710,9,9.5335,13.126
710,10,8.7469,13.097
710,12,5.325,9.9327
720,6,10.265,5.0324
720,7,10.666,6.6543
720,8,11.001,6.5495
720,9,9.6805,12.479
720,10,8.8464,12.438
720,12,4.9204,9.741
730,6,10.364,4.5797
730,7,10.842,6.1327
730,8,10.904,7.0295
730,9,9.8273,11.831
730,10,8.9435,11.784
730,12,4.451,9.5235
740,6,10.475,4.1167
740,7,10.986,5.6129
740,8,10.879,7.4505
740,9,9.8934,11.164
740,10,9.0373,11.122
740,12,3.9816,9.3061
750,6,10.587,3.6537
750,7,11.096,5.0949
750,8,10.834,7.8878
750,9,9.9392,10.493
750,10,9.1168,10.435
750,11,7.7039,0.088395
750,12,3.556,9.1222
760,6,10.682,3.1759
760,7,11.206,4.5768
760,8,10.71,8.3912
760,9,9.9934,9.8192
760,10,9.1963,9.7473
760,11,7.4414,0.6356
760,12,3.1742,8.9719
770,6,10.769,2.6918
770,7,11.133,4.0885
770,8,10.585,8.8945
770,9,10.08,9.1399
770,10,9.2846,9.067
770,11,7.1789,1.1828
770,12,2.7923,8.8214
780,6,10.857,2.2078
780,7,11.04,3.6036
780,8,10.366,9.3867
780,9,10.167,8.4607
780,10,9.4077,8.4152
780,11,6.9104,1.7332
780,12,2.4105,8.6712
790,6,10.989,1.7679
790,7,10.958,3.1254
790,8,10.136,9.8778
790,9,10.3,7.8293
790,10,9.5309,7.7634
790,11,6.6178,2.2968
790,12,2.1035,8.5209
800,6,11.141,1.347
800,7,10.883,2.6519
800,8,9.8905,10.38
800,9,10.432,7.1979
800,10,9.6598,7.1097
800,11,6.3252,2.8602
800,12,1.7969,8.3704
810,6,11.293,0.92605
810,7,10.808,2.1783
810,8,9.5822,10.923
810,9,10.585,6.5564
810,10,9.8388,6.439
810,11,6.0388,3.427
810,12,1.49,8.2201
820,6,11.416,0.50049
820,7,10.74,1.694
820,8,9.2738,11.467
820,9,10.785,5.8909
820,10,10.018,5.768
820,11,5.8068,4.0235
820,12,1.2911,8.0252
830,6,11.496,0.06777
830,7,10.682,1.1933
830,8,9.0137,12.02
830,9,10.985,5.2256
830,10,10.197,5.0973
830,11,5.5746,4.6197
830,12,1.2007,7.7857
840,7,10.624,0.69285
840,8,8.7655,12.576
840,9,11.186,4.5658
840,10,10.4,4.4162
840,11,5.3426,5.216
840,12,1.1102,7.5462
850,7,10.566,0.19237
850,8,8.556,13.147
850,9,11.387,3.9277
850,10,10.606,3.7339
850,11,5.1424,5.8484
850,12,1.1329,7.3391
860,8,8.4366,13.755
860,9,11.588,3.2898
860,10,10.811,3.0517
860,11,4.9739,6.5171
860,12,1.2312,7.1533
870,8,8.3173,14.363
870,9,11.79,2.6519
870,10,10.938,2.4062
870,11,4.8054,7.1855
870,12,1.3296,6.9677
880,8,8.198,14.971
880,9,11.956,2.0352
880,10,11.066,1.761
880,11,4.6467,7.8541
880,12,1.4754,6.8056
890,9,12.123,1.4185
890,10,11.193,1.1155
890,11,4.5751,8.5222
890,12,1.8117,6.7387
890,13,8.7588,15.111
900,9,12.289,0.80166
900,10,11.384,0.53669
900,11,4.5035,9.1904
900,12,2.1479,6.6717
900,13,8.7758,14.495
910,9,12.456,0.185
910,10,11.575,-0.042093
910,11,4.4319,9.8586
910,12,2.4097,6.7871
910,13,8.7929,13.879
920,11,4.3648,10.527
920,12,2.6716,6.9026
920,13,8.8328,13.255
930,11,4.3384,11.193
930,12,2.9331,7.018
930,13,8.9645,12.602
940,11,4.3119,11.86
940,12,3.1797,7.1655
940,13,9.0963,11.949
950,11,4.2854,12.526
950,12,3.4245,7.3166
950,13,9.2462,11.298
960,11,4.372,13.136
960,12,3.6692,7.4677
960,13,9.4385,10.653
960,14,7.0271,8.7671
960,15,6.5491,8.9797
970,11,4.5718,13.689
970,12,3.914,7.6188
970,13,9.6311,10.008
970,14,7.0538,8.3226
970,15,6.5142,8.6459
970,16,7.2266,0.47144
980,11,4.7715,14.242
980,12,4.1458,7.6313
980,13,9.8173,9.3619
980,14,7.0803,7.8783
980,15,6.4794,8.3123
980,16,6.9784,1.2039
990,11,4.9713,14.795
990,12,4.3773,7.6437
990,13,9.9788,8.712
990,14,7.1068,7.434
990,15,6.4443,7.9787
990,16,6.7302,1.9363
1000,11,5.171,15.348
1000,12,4.609,7.6559
1000,13,10.14,8.0621
1000,14,7.0923,6.8923
1000,15,6.4056,7.5582
1000,16,6.4006,2.6479
1010,12,4.8305,7.5599
1010,13,10.302,7.4122
1010,14,7.0677,6.3264
1010,15,6.3579,6.9352
1010,16,6.071,3.3594
1010,17,9.5454,0.015364
1020,12,5.0453,7.3915
1020,13,10.385,6.7576
1020,14,7.0429,5.7602
1020,15,6.3102,6.3123
1020,16,5.7102,4.0586
1020,17,9.3161,0.49291
1030,12,5.2601,7.2232
1030,13,10.45,6.1018
1030,14,7.0634,5.2233
1030,15,6.2393,5.7007
1030,16,5.346,4.7565
1030,17,9.0865,0.97067
1040,12,5.3403,7.0447
1040,13,10.535,5.4447
1040,14,7.0892,4.6896
1040,15,6.1624,5.0918
1040,16,5.0658,5.4885
1040,17,8.8404,1.4434
1050,12,5.3307,6.8595
1050,13,10.702,4.7822
1050,14,7.118,4.1645
1050,15,6.0858,4.4829
1050,16,4.7856,6.2207
1050,17,8.5555,1.9051
1060,12,5.3212,6.6743
1060,13,10.87,4.1196
1060,14,7.1777,3.7172
1060,15,6.056,3.869
1060,16,4.5999,7.0295
1060,17,8.2708,2.3667
1070,13,11.007,3.4649
1070,14,7.2374,3.27
1070,15,6.0262,3.2553
1070,16,4.4546,7.8714
1070,17,7.9977,2.8446
1080,13,11.114,2.8179
1080,14,7.3419,2.9231
1080,15,6.0472,2.6794
1080,16,4.3555,8.7202
1080,17,7.7715,3.3874
1090,13,11.22,2.1709
1090,14,7.4655,2.619
1090,15,6.1023,2.1289
1090,16,4.3257,9.5797
1090,17,7.6094,3.9334
1100,13,11.342,1.4996
1100,14,7.5894,2.3151
1100,15,6.1574,1.5785
1100,16,4.2959,10.439
1100,17,7.597,4.4873
1110,13,11.469,0.82208
1110,15,6.229,1.1786
1110,16,4.2863,11.281
1110,17,7.5844,5.0413
1120,13,11.596,0.14459
1120,15,6.3006,0.77872
1120,16,4.2768,12.123
1130,16,4.2672,12.965
1130,18,8.3929,15.426
1140,18,8.4724,14.639
1140,21,7.6524,1.1359
1150,18,8.5519,13.852
1150,21,7.8054,1.5515
1160,18,8.6316,13.064
1160,19,7.4911,12.242
1160,21,7.9583,1.967
1170,18,8.7987,12.27
1170,19,7.5199,11.891
1170,21,8.1113,2.3827
1180,18,8.9753,11.475
1180,19,7.5488,11.54
1180,21,8.2672,2.8133
1190,18,9.1349,10.682
1190,19,7.5779,11.19
1190,21,8.4342,3.3043
1200,18,9.2254,9.8984
1200,19,7.6335,10.763
1200,20,8.1612,11.991
1200,21,8.6013,3.7953
1210,18,9.3158,9.1146
1210,19,7.7068,10.285
1210,20,8.2758,11.435
1210,21,8.7538,4.2813
1220,18,9.418,8.3304
1220,19,7.7803,9.8077
1220,20,8.3903,10.879
1220,21,8.8478,4.747
1230,18,9.5464,7.5452
1230,19,7.9617,9.1679
1230,20,8.4927,10.358
1230,21,8.9419,5.2126
1230,25,4.5901,3.8494
1240,18,9.6748,6.7599
1240,19,8.1431,8.528
1240,20,8.5901,9.8512
1240,21,9.0359,5.6781
1240,25,4.6684,4.0392
1250,18,9.8163,5.9804
1250,19,8.4409,7.9922
1250,20,8.6872,9.3447
1250,21,9.1796,6.2338
1250,25,4.7467,4.2289
1260,18,9.9631,5.2033
1260,19,8.8555,7.5601
1260,20,8.7349,8.7659
1260,21,9.3089,6.7401
1260,25,4.8247,4.4187
1270,18,10.104,4.4263
1270,19,9.1715,7.0205
1270,20,8.7827,8.1871
1270,21,9.3925,7.1085
1270,25,4.903,4.6086
1280,18,10.194,3.6503
1280,19,9.4213,6.4091
1280,20,8.8242,7.6839
1280,21,9.4851,7.5035
1280,25,4.9813,4.7982
1290,18,10.283,2.8741
1290,19,9.6757,5.7745
1290,20,8.8657,7.1804
1290,21,9.5994,7.9611
1290,25,5.0596,4.988
1300,18,10.373,2.0981
1300,19,9.9342,5.1168
1300,20,8.9676,6.6665
1300,21,9.7135,8.4186
1300,25,5.1002,5.2254
1310,18,10.506,1.3211
1310,19,10.197,4.465
1310,20,9.0956,6.1479
1310,21,9.7135,8.7987
1310,22,5.8827,14.781
1310,23,5.1551,14.939
1310,24,4.4126,14.936
1310,25,5.1407,5.4626
1320,18,10.643,0.54405
1320,19,10.5,3.866
1320,20,9.2232,5.6291
1320,21,9.7135,9.179
1320,22,5.8522,14.322
1320,23,5.1551,14.5
1320,24,4.3987,14.479
1320,25,5.1815,5.7
1330,18,10.781,-0.2332
1330,19,10.803,3.267
1330,20,9.408,5.0545
1330,21,9.7135,9.5591
1330,22,5.8214,13.863
1330,23,5.1551,14.06
1330,24,4.3851,14.022
1330,25,5.2221,5.9374
1340,19,11.014,2.6765
1340,20,9.5989,4.4736
1340,21,9.6173,9.8062
1340,22,5.7908,13.405
1340,23,5.1551,13.621
1340,24,4.3715,13.565
1340,25,5.2911,6.1753
1350,19,11.133,2.0941
1350,20,9.7476,3.9147
1350,21,9.5101,10.039
1350,22,5.7894,12.965
1350,23,5.1663,13.176
1350,24,4.3472,13.126
1350,25,5.4269,6.4143
1360,19,11.253,1.5118
1360,20,9.8328,3.3885
1360,21,9.4032,10.271
1360,22,5.8171,12.544
1360,23,5.1803,12.731
1360,24,4.3181,12.695
1360,25,5.5624,6.6536
1370,19,11.375,0.95972
1370,20,9.918,2.8623
1370,22,5.845,12.123
1370,23,5.1944,12.285
1370,24,4.289,12.263
1370,25,5.698,6.8927
1370,26,0.49092,6.3674
1380,19,11.499,0.43777
1380,20,10.021,2.3296
1380,22,5.8727,11.702
1380,23,5.1894,11.849
1380,24,4.2598,11.832
1380,25,5.8336,7.1318
1380,26,1.1386,6.3899
1390,19,11.623,-0.084186
1390,20,10.136,1.7925
1390,22,5.8851,11.277
1390,23,5.1565,11.428
1390,24,4.1197,11.459
1390,25,5.9426,7.361
1390,26,1.7866,6.4125
1400,20,10.252,1.2556
1400,22,5.8362,10.834
1400,23,5.1233,11.007
1400,24,3.9059,11.126
1400,25,6.0486,7.589
1400,26,2.3818,6.4276
1410,20,10.392,0.73957
1410,22,5.7873,10.392
1410,23,5.0901,10.586
1410,24,3.6918,10.792
1410,25,6.1548,7.8171
1410,26,2.9546,6.4396
1420,20,10.544,0.23256
1420,22,5.7383,9.9491
1420,23,5.0309,10.182
1420,24,3.5245,10.423
1420,25,6.2517,8.0215
1420,26,3.5274,6.4516
1430,20,10.696,-0.27466
1430,22,5.6713,9.5202
1430,23,4.9653,9.7824
1430,24,3.377,10.039
1430,25,6.3271,8.1711
1430,26,4.0847,6.4613
1440,22,5.5622,9.1235
1440,23,4.8997,9.3825
1440,24,3.2295,9.6553
1440,25,6.4023,8.3205
1440,26,4.5804,6.4613
1450,22,5.4531,8.7265
1450,23,4.8341,8.9827
1450,24,3.1353,9.2321
1450,25,6.4777,8.4702
1450,26,5.0761,6.4613
1460,22,5.3438,8.3296
1460,23,4.767,8.579
1460,24,3.1651,8.7164
1460,25,6.546,8.611
1460,26,5.5718,6.4613
1470,22,5.3035,7.9381
1470,23,4.6997,8.174
1470,24,3.1949,8.2008
1470,25,6.6071,8.7431
1470,26,6.0639,6.4787
1480,22,5.2801,7.5479
1480,23,4.6324,7.7693
1480,24,3.2248,7.6851
1480,25,6.6682,8.8753
1480,26,6.5469,6.5366
1490,22,5.257,7.1579
1490,23,4.5651,7.3646
1490,24,3.2696,7.172
1490,25,6.729,9.0075
1490,26,7.0302,6.5945
1500,22,5.2336,6.7677
1500,23,4.5302,6.9104
1500,24,3.3491,6.6648
1500,25,6.7808,9.1005
1500,26,7.5137,6.6524
1510,22,5.2016,6.3304
1510,23,4.4987,6.4508
1510,24,3.4288,6.1574
1510,25,6.7949,9.038
1510,26,7.9712,6.7444
1520,22,5.1658,5.8726
1520,23,4.4672,5.9911
1520,24,3.5083,5.6501
1520,25,6.8092,8.9753
1520,26,8.3691,6.9167
1530,22,5.13,5.4148
1530,23,4.4372,5.5346
1530,24,3.556,5.189
1530,25,6.8233,8.9128
1530,26,8.7667,7.0889
1540,22,5.0942,4.9571
1540,23,4.4178,5.108
1540,24,3.556,4.7967
1540,25,6.8376,8.8501
1540,26,9.1645,7.261
1550,22,5.0718,4.5216
1550,23,4.3985,4.6814
1550,24,3.556,4.4044
1550,25,6.8519,8.7873
1550,26,9.5037,7.405
1560,22,5.0551,4.0957
1560,23,4.3792,4.2548
1560,24,3.556,4.0123
1560,25,6.866,8.7248
1560,26,9.8428,7.549
1560,27,9.2168,9.7664
1560,28,7.509,0.84418
1570,22,5.0386,3.6699
1570,23,4.3572,3.8281
1570,24,3.556,3.62
1570,25,6.8803,8.6621
1570,26,10.182,7.6931
1570,27,9.1686,9.7689
1570,28,7.3519,1.049
1580,22,5.0219,3.2441
1580,23,4.3314,3.4015
1580,24,3.5283,3.0964
1580,25,6.8944,8.5996
1580,26,10.523,7.8293
1580,27,9.1204,9.7713
1580,28,7.1949,1.254
1590,22,5.0049,2.812
1590,23,4.3057,2.9749
1590,24,3.5004,2.5725
1590,25,6.8577,8.4567
1590,26,10.869,7.9345
1590,27,9.0719,9.7736
1590,28,7.0378,1.4589
1600,22,4.9875,2.3705
1600,23,4.2796,2.5483
1600,24,3.4727,2.0489
1600,25,6.808,8.294
1600,26,11.216,8.0398
1600,27,9.0237,9.7759
1600,28,6.881,1.6637
1610,22,4.9699,1.9291
1610,23,4.3026,2.1356
1610,24,3.4451,1.5252
1610,25,6.7586,8.1311
1610,26,11.563,8.145
1610,27,8.9755,9.7784
1610,28,6.7598,1.9672
1620,22,4.9524,1.4876
1620,23,4.3465,1.7285
1620,24,3.5014,1.0401
1620,25,6.709,7.9682
1620,26,11.909,8.2502
1620,27,8.9273,9.7807
1620,28,6.6474,2.2953
1620,29,5.855,14.935
1630,22,4.9648,1.0622
1630,23,4.3901,1.3217
1630,24,3.5937,0.57162
1630,25,6.6596,7.8055
1630,26,12.191,8.326
1630,27,8.8789,9.783
1630,28,6.535,2.6234
1630,29,5.8949,14.156
1640,22,5.0469,0.67412
1640,23,4.4338,0.91489
1640,24,3.6861,0.10313
1640,25,6.5553,7.6954
1640,26,12.472,8.4018
1640,27,8.8307,9.7854
1640,28,6.4756,2.9676
1640,29,5.9348,13.377
1650,22,5.129,0.28602
1650,23,4.4777,0.50785
1650,25,6.3961,7.638
1650,26,12.754,8.4775
1650,27,8.6051,9.6749
1650,28,6.4956,3.3359
1650,29,6.0059,12.604
1660,22,5.2109,-0.10187
1660,23,4.5214,0.10102
1660,25,6.2369,7.5805
1660,26,13.036,8.5533
1660,27,8.2025,9.4511
1660,28,6.5154,3.7042
1660,29,6.203,11.854
1670,25,6.0603,7.5466
1670,26,13.317,8.6291
1670,27,7.656,9.1853
1670,28,6.5352,4.0725
1670,29,6.4001,11.104
1680,25,5.813,7.6068
1680,27,7.0655,8.9734
1680,28,6.5787,4.5077
1680,29,6.6727,10.36
1690,25,5.5658,7.667
1690,27,6.4472,8.8204
1690,28,6.6278,4.9596
1690,29,6.9471,9.601
1700,25,5.3142,7.7077
1700,27,5.856,8.6897
1700,28,6.6767,5.4115
1700,29,7.1968,8.7783
1710,25,5.0555,7.7194
1710,27,5.329,8.6108
1710,28,6.6944,5.8377
1710,29,7.4462,7.9556
1720,25,4.7971,7.731
1720,27,4.8021,8.5318
1720,28,6.6646,6.2258
1720,29,7.665,7.0963
1730,25,4.5386,7.7428
1730,27,4.3944,8.4744
1730,28,6.6347,6.6139
1730,29,7.8836,6.2367
1740,25,4.4009,7.6483
1740,27,4.0002,8.4194
1740,28,6.5756,6.9841
1740,29,8.0295,5.4159
1750,25,4.2935,7.5273
1750,27,3.6992,8.406
1750,28,6.3985,7.2827
1750,29,8.1268,4.621
1760,25,4.1861,7.4063
1760,27,3.4606,8.4201
1760,28,6.2214,7.5816
1760,29,8.224,3.8258
1770,25,4.0787,7.2852
1770,27,3.2219,8.434
1770,28,6.0443,7.8802
1770,29,8.2767,3.0391
1780,29,8.3245,2.2534
1780,30,9.1621,12.813
1780,31,11.06,1.7843
1790,30,9.3929,12.238
1790,31,10.857,2.4001
1790,32,6.0152,6.6347
1800,30,9.6235,11.663
1800,31,10.654,3.016
1800,32,6.5498,6.5168
1810,30,9.8612,11.091
1810,31,10.45,3.5914
1810,32,7.0844,6.399
1820,30,10.115,10.527
1820,31,10.245,4.1401
1820,32,7.6223,6.286
1830,30,10.369,9.9638
1830,31,10.041,4.689
1830,32,8.1906,6.2157
1840,30,10.622,9.3979
1840,31,9.8994,5.3214
1840,32,8.7588,6.1456
1850,30,10.869,8.8227
1850,31,9.7738,5.9749
1850,32,9.1626,5.9027
1860,30,11.115,8.2475
1860,31,9.6586,6.6086
1860,32,9.5901,5.4369
1870,30,11.334,7.6755
1870,31,9.5442,7.24
1870,32,10.011,4.891
1880,30,11.445,7.1169
1880,31,9.3652,7.8583
1880,32,10.416,4.3602
1890,30,11.555,6.5585
1890,31,9.1431,8.4679
1890,32,10.787,3.8263
1900,30,11.586,6.0119
1900,31,8.9209,9.0776
1900,32,11.026,3.279
1910,30,11.565,5.4734
1910,31,8.6939,9.7437
1910,32,11.228,2.736
1920,30,11.544,4.9348
1920,31,8.4648,10.434
1920,32,11.283,2.2099
1930,30,11.513,4.4038
1930,31,8.2762,11.128
1930,32,11.338,1.6837
1940,30,11.443,3.9022
1940,31,8.2498,11.837
1940,32,11.328,1.2782
1950,30,11.373,3.4009
1950,31,8.2233,12.547
1950,32,11.273,0.95278
1960,30,11.303,2.8994
1960,31,8.2027,13.243
1960,32,11.219,0.62761
1970,30,11.393,2.3865
1970,31,8.1882,13.925
1980,30,11.524,1.8704
1980,31,8.1736,14.608
1990,30,11.655,1.3543
1990,31,8.1593,15.29
2000,30,11.748,0.85196
2010,30,11.824,0.35527
2020,30,11.901,-0.14143
2040,33,10.352,0.14585
2050,33,10.294,0.76273
2060,33,10.237,1.3796
2070,33,10.154,1.9965
2080,33,9.9736,2.6133
2090,33,9.7925,3.2302
2100,33,9.6187,3.8254
2110,33,9.4624,4.3697
2110,34,8.654,15.261
2110,35,8.361,0.18247
2120,33,9.3061,4.9139
2120,34,8.8202,14.301
2120,35,8.3214,0.63834
2130,33,9.1254,5.4447
2130,34,8.986,13.34
2130,35,8.2815,1.0944
2140,33,8.9085,5.9549
2140,34,9.161,12.398
2140,35,8.2278,1.56
2150,33,8.6915,6.4651
2150,34,9.3445,11.475
2150,35,8.1533,2.0402
2150,36,6.125,14.859
2160,33,8.4836,6.9759
2160,34,9.528,10.552
2160,35,8.0786,2.5203
2160,36,6.2018,14.227
2170,33,8.3581,7.4909
2170,34,9.6495,9.6191
2170,35,8.024,2.993
2170,36,6.2784,13.596
2180,33,8.2326,8.0059
2180,34,9.764,8.6846
2180,35,8.0498,3.4367
2180,36,6.3436,12.975
2190,33,8.1068,8.5211
2190,34,9.8939,7.767
2190,35,8.0753,3.8801
2190,36,6.3913,12.369
2200,33,7.9968,9.0165
2200,34,10.047,6.8746
2200,35,8.1109,4.3324
2200,36,6.439,11.762
2200,37,12.44,6.0027
2210,33,7.9228,9.4665
2210,34,10.199,5.9823
2210,35,8.1614,4.798
2210,36,6.4868,11.103
2210,37,12.111,6.0244
2220,33,7.8486,9.9165
2220,34,10.363,5.128
2220,35,8.212,5.2635
2220,36,6.5345,10.438
2220,37,11.782,6.0462
2230,33,7.7636,10.395
2230,34,10.528,4.2781
2230,35,8.2505,5.7295
2230,36,6.5911,9.7586
2230,37,11.445,6.0723
2240,33,7.6622,10.916
2240,34,10.701,3.4253
2240,35,8.1789,6.1997
2240,36,6.6605,9.0569
2240,37,11.091,6.1085
2250,33,7.5607,11.437
2250,34,10.89,2.566
2250,35,8.1073,6.6696
2250,36,6.7302,8.3555
2250,37,10.737,6.1449
2260,33,7.4593,11.958
2260,34,11.079,1.7065
2260,35,8.035,7.143
2260,36,6.8596,7.7241
2260,37,10.379,6.175
2260,38,10.136,0.065034
2270,33,7.3985,12.487
2270,34,11.265,0.79977
2270,35,7.9552,7.6468
2270,36,6.9887,7.0927
2270,37,10.012,6.1961
2270,38,9.9698,0.88858
2280,33,7.3985,13.029
2280,34,11.45,-0.11218
2280,35,7.8758,8.1507
2280,36,7.123,6.4468
2280,37,9.6466,6.2171
2280,38,9.8037,1.7121
2290,33,7.3985,13.571
2290,35,7.7963,8.6545
2290,36,7.2607,5.7909
2290,37,9.2805,6.2327
2290,38,9.7039,2.513
2300,33,7.4109,14.106
2300,35,7.6204,9.1376
2300,36,7.3985,5.1353
2300,37,8.9139,6.2403
2300,38,9.6483,3.2986
2310,33,7.5354,14.572
2310,35,7.4204,9.6153
2310,36,7.5087,4.504
2310,37,8.5474,6.2479
2310,38,9.5925,4.0845
2320,33,7.66,15.039
2320,35,7.2204,10.093
2320,36,7.6187,3.8726
2320,37,8.2147,6.2129
2320,38,9.4963,4.8908
2330,35,7.0192,10.571
2330,36,7.7252,3.225
2330,37,7.9044,6.1498
2330,38,9.3726,5.7108
2340,35,6.808,11.052
2340,36,7.8261,2.5532
2340,37,7.5942,6.0867
2340,38,9.2493,6.5309
2350,35,6.5966,11.533
2350,36,7.9271,1.8811
2350,37,7.2553,5.9802
2350,38,9.1505,7.3882
2360,35,6.3851,12.015
2360,36,8.0464,1.2354
2360,37,6.8973,5.8448
2360,38,9.0619,8.2612
2370,35,6.1522,12.497
2370,36,8.17,0.59625
2370,37,6.5393,5.7097
2370,38,8.9736,9.1342
2380,35,5.9047,12.98
2380,36,8.2939,-0.042935
2380,37,6.2569,5.7057
2380,38,8.8781,9.9409
2390,35,5.6572,13.463
2390,37,5.9937,5.7348
2390,38,8.7827,10.748
2400,35,5.4453,13.952
2400,37,5.7302,5.7638
2400,38,8.6872,11.555
2410,35,5.2374,14.441
2410,38,8.5354,12.349
2420,35,5.0295,14.929
2420,38,8.3834,13.142
2440,39,6.2741,8.6619
2440,40,6.5631,14.886
2440,41,9.0213,15.281
2450,39,6.3801,9.2464
2450,40,6.8018,14.182
2450,41,9.0213,14.506
2460,39,6.4863,9.831
2460,40,7.0405,13.477
2460,41,9.0213,13.732
2470,39,6.5667,10.403
2470,40,7.24,12.735
2470,41,9.0213,12.958
2480,39,6.6219,10.961
2480,40,7.4354,11.989
2480,41,9.1963,12.151
2490,39,6.677,11.52
2490,40,7.6123,11.28
2490,41,9.3908,11.34
2500,39,6.7572,11.814
2500,40,7.7813,10.587
2500,41,9.5982,10.535
2510,39,6.8402,12.08
2510,40,7.934,9.8927
2510,41,9.8566,9.7551
2520,40,8.0486,9.194
2520,41,10.115,8.9747
2530,40,8.1631,8.4952
2530,41,10.381,8.2258
2540,40,8.2099,7.7592
2540,41,10.648,7.485
2550,40,8.2397,7.0137
2550,41,10.934,6.7585
2560,40,8.2958,6.3055
2560,41,11.262,6.0658
2570,40,8.3913,5.6531
2570,41,11.59,5.373
2570,42,8.6493,14.694
2580,40,8.4867,5.0007
2580,41,11.889,4.7203
2580,42,8.5734,13.986
2590,40,8.5474,4.3055
2590,41,12.185,4.0721
2590,42,8.556,13.267
2600,40,8.556,3.5463
2600,41,12.499,3.4411
2600,42,8.6753,12.521
2610,40,8.5645,2.7872
2610,41,12.839,2.836
2610,42,8.7939,11.773
2620,40,8.6605,2.0565
2620,41,13.179,2.2309
2620,42,8.9051,11.016
2630,40,8.8149,1.3445
2630,41,13.519,1.6258
2630,42,9.0166,10.258
2640,40,8.9693,0.63266
2640,41,13.859,1.0208
2640,42,9.1254,9.5038
2650,40,9.1237,-0.079135
2650,42,9.2113,8.7798
2660,42,9.2972,8.0558
2670,42,9.3953,7.3172
2680,42,9.5013,6.5688
2690,42,9.6075,5.8206
2730,43,9.0471,15.235
2730,44,6.8925,10.049
2740,43,9.0378,14.514
2740,44,7.155,9.9998
2750,43,9.0287,13.793
2750,44,7.4175,9.9508
2760,43,9.05,13.083
2760,44,7.6801,9.9018
2770,43,9.1932,12.409
2770,44,7.9982,9.8407
2780,43,9.3364,11.736
2780,44,8.3302,9.7765
2790,43,9.602,11.073
2790,44,8.5877,9.706
2800,43,9.9204,10.415
2800,44,8.7707,9.6288
2810,43,10.21,9.7521
2810,44,8.9538,9.5515
2820,43,10.431,9.0755
2820,44,9.0867,9.3621
2830,43,10.653,8.399
2830,44,9.1698,9.0601
2840,43,10.9,7.7451
2840,44,9.2302,8.7817
2840,45,13.279,-0.038094
2850,43,11.173,7.1137
2850,44,9.2003,8.5975
2850,45,12.995,0.57331
2860,43,11.445,6.4823
2860,44,9.1705,8.4133
2860,45,12.71,1.1847
2870,43,11.688,5.868
2870,44,9.1407,8.2292
2870,45,12.425,1.8277
2880,43,11.917,5.2608
2880,44,9.018,8.0669
2880,45,12.138,2.4843
2890,43,12.141,4.649
2890,44,8.8951,7.9044
2890,45,11.856,3.1376
2900,43,12.312,3.995
2900,44,8.7724,7.7422
2900,45,11.588,3.7774
2910,43,12.482,3.3411
2910,44,8.6514,7.6733
2910,45,11.321,4.4172
2920,43,12.653,2.6961
2920,44,8.5321,7.698
2920,45,11.094,5.1337
2930,43,12.826,2.072
2930,44,8.4128,7.7228
2930,45,10.884,5.8829
2940,43,12.999,1.4478
2940,44,8.2934,7.7476
2940,45,10.674,6.6139
2950,43,13.172,0.82376
2950,45,10.465,7.2716
2950,46,7.6555,15.113
2960,46,7.7106,14.465
2960,47,8.3063,14.691
2960,48,9.007,14.707
2970,46,7.7655,13.818
2970,47,8.3562,14.104
2970,48,8.9784,14.11
2980,46,7.844,13.166
2980,47,8.4128,13.515
2980,48,8.9497,13.512
2990,46,7.9765,12.503
2990,47,8.5321,12.912
2990,48,9.0645,12.99
3000,46,8.1092,11.841
3000,47,8.6514,12.309
3000,48,9.1796,12.467
3010,46,8.2493,11.213
3010,47,8.8314,11.697
3010,48,9.3376,11.92
3010,49,8.4815,8.8913
3020,46,8.3946,10.609
3020,47,9.0182,11.084
3020,48,9.596,11.315
3020,49,8.3347,9.199
3030,46,8.5419,9.9941
3030,47,9.2075,10.435
3030,48,9.8547,10.71
3030,49,8.1879,9.5065
3040,46,8.6937,9.3533
3040,47,9.3984,9.7614
3040,48,10.06,10.113
3040,49,8.1197,9.8618
3040,50,10.188,0.11155
3050,46,8.8476,8.7124
3050,47,9.5903,9.0938
3050,48,10.258,9.5166
3050,49,8.1299,10.264
3050,50,9.9736,0.46934
3060,46,9.0194,8.0726
3060,47,9.7908,8.4792
3060,48,10.434,8.9153
3060,49,8.1366,10.662
3060,50,9.7588,0.82713
3070,46,9.1913,7.4328
3070,47,9.9913,7.8647
3070,48,10.587,8.3092
3070,49,8.128,11.037
3070,50,9.544,1.1849
3080,46,9.366,6.7747
3080,47,10.197,7.2349
3080,48,10.74,7.703
3080,49,8.1194,11.413
3080,50,9.3595,1.5473
3090,46,9.5428,6.1043
3090,47,10.407,6.5951
3090,48,10.886,7.0173
3090,49,8.1362,11.845
3090,50,9.1786,1.9102
3100,46,9.7197,5.434
3100,47,10.607,5.9545
3100,48,11.032,6.3316
3100,49,8.1903,12.362
3100,50,8.9975,2.273
3100,52,12.916,0.11828
3110,46,9.8524,4.7851
3110,47,10.706,5.3054
3110,48,11.179,5.6459
3110,49,8.2638,12.826
3110,50,8.8906,2.5923
3110,51,8.3292,14.783
3110,52,12.852,0.44198
3120,46,9.9803,4.1386
3120,47,10.805,4.6565
3120,48,11.345,4.9933
3120,49,8.4147,13.081
3120,50,8.7834,2.9116
3120,51,7.9767,13.606
3120,52,12.788,0.76567
3130,46,10.106,3.4899
3130,47,10.877,3.9953
3130,48,11.514,4.3444
3130,49,8.4858,13.327
3130,50,8.681,3.2189
3130,51,7.1689,12.602
3130,52,12.747,1.0767
3140,46,10.208,2.8211
3140,47,10.937,3.3289
3140,48,11.65,3.7042
3140,49,8.3712,13.555
3140,50,8.6194,3.4156
3140,51,6.956,11.744
3140,52,12.716,1.3823
3150,46,10.31,2.152
3150,47,11.005,2.6752
3150,48,11.752,3.0728
3150,49,8.2567,13.782
3150,50,8.5579,3.6126
3150,51,6.9393,11.043
3150,52,12.685,1.6877
3160,46,10.43,1.4943
3160,47,11.093,2.0516
3160,48,11.852,2.4372
3160,49,8.186,13.629
3160,50,8.4963,3.8094
3160,51,7.0097,10.437
3160,52,12.641,1.9399
3170,46,10.592,0.86291
3170,47,11.182,1.428
3170,48,11.947,1.7953
3170,49,8.1264,13.38
3170,50,8.4879,3.8589
3170,51,7.1419,10.423
3170,52,12.588,2.156
3180,46,10.754,0.23151
3180,47,11.272,0.82986
3180,48,12.057,1.1576
3180,49,8.0667,13.131
3180,50,8.4793,3.9085
3180,51,7.281,10.476
3180,52,12.535,2.3724
3190,46,10.916,-0.39988
3190,47,11.363,0.24856
3190,48,12.187,0.52616
3190,49,8.007,12.882
3190,50,8.471,3.958
3190,51,7.5068,10.802
3190,52,12.482,2.5887
3200,47,11.453,-0.33275
3200,48,12.317,-0.10523
3200,49,7.9474,12.634
3200,50,8.4626,4.0075
3200,51,7.6879,11.428
3200,52,12.374,2.7382
3200,53,9.0633,14.702
3210,50,8.4543,4.0569
3210,51,7.3448,12.165
3210,52,12.266,2.8874
3210,53,9.0495,14.045
3220,50,8.4457,4.1066
3220,51,7.1798,12.733
3220,52,12.159,3.0368
3220,53,9.1567,13.343
3230,50,8.4373,4.1561
3230,51,7.1335,13.187
3230,52,12.0,3.17
3230,53,9.3156,12.622
3240,50,8.429,4.2055
3240,51,7.0875,13.642
3240,52,11.836,3.3016
3240,53,9.5101,11.954
3250,50,8.3803,4.3987
3250,51,7.1612,13.965
3250,52,11.672,3.4331
3250,53,9.728,11.323
3260,50,8.2918,4.7355
3260,51,7.3553,14.156
3260,52,11.494,3.54
3260,53,9.9464,10.689
3270,50,8.203,5.0722
3270,51,7.549,14.347
3270,52,11.31,3.6362
3270,53,10.166,10.049
3280,50,8.1144,5.409
3280,51,7.7431,14.537
3280,52,11.126,3.7324
3280,53,10.386,9.4095
3290,50,7.9951,5.8417
3290,52,10.941,3.8357
3290,53,10.62,8.7471
3300,50,7.8758,6.2742
3300,52,10.755,3.9673
3300,53,10.859,8.0791
3310,50,7.7564,6.7069
3310,52,10.568,4.0988
3310,53,11.078,7.4162
3320,50,7.6371,7.1886
3320,52,10.382,4.2303
3320,53,11.277,6.7585
3330,50,7.5178,7.7439
3330,52,10.223,4.4153
3330,53,11.47,6.0997
3340,50,7.3985,8.2993
3340,52,10.064,4.6003
3340,53,11.615,5.4308
3350,50,7.2791,8.8547
3350,52,9.9044,4.7851
3350,53,11.76,4.7618
3360,50,7.098,9.3918
3360,52,9.729,4.9836
3360,53,11.913,4.102
3370,50,6.9016,9.9241
3370,52,9.5464,5.188
3370,53,12.086,3.4632
3380,50,6.7049,10.456
3380,52,9.3638,5.3923
3380,53,12.259,2.8247
3390,50,6.5474,11.011
3390,52,9.2084,5.607
3390,53,12.427,2.1952
3400,50,6.4488,11.599
3400,52,9.1163,5.8461
3400,53,12.588,1.5795
3410,50,6.35,12.187
3410,52,9.024,6.0854
3410,53,12.749,0.96393
3420,50,6.2839,12.744
3420,52,8.9318,6.3245
3420,53,12.91,0.34832
3430,50,6.2505,13.27
3430,52,8.8397,6.5636
3430,53,13.071,-0.26729
3440,50,6.2171,13.796
3440,52,8.761,6.8551
3450,50,6.1837,14.322
3450,52,8.6836,7.152
3460,50,6.1503,14.848
3460,52,8.6065,7.4492
3460,54,11.055,-0.16164
3470,50,6.1169,15.374
3470,52,8.6063,7.7777
3470,54,10.958,0.728
3480,52,8.6834,8.1376
3480,54,10.86,1.6176
3490,52,8.7602,8.4973
3490,54,10.782,2.498
3500,52,8.829,8.852
3500,54,10.725,3.3689
3510,52,8.8851,9.1986
3510,54,10.667,4.2398
3520,52,8.9414,9.5452
3520,54,10.617,5.0775
3520,55,11.04,0.13154
3530,52,8.9975,9.8919
3530,54,10.573,5.893
3530,55,10.938,0.81555
3540,52,8.9667,10.286
3540,54,10.528,6.7086
3540,55,10.835,1.4996
3550,52,8.9359,10.679
3550,54,10.448,7.5128
3550,55,10.742,2.1813
3560,52,8.9051,11.073
3560,54,10.315,8.3001
3560,55,10.67,2.8573
3570,52,8.8753,11.509
3570,54,10.183,9.0875
3570,55,10.597,3.5333
3580,52,8.8454,11.95
3580,54,10.036,9.8761
3580,55,10.525,4.2093
3590,52,8.8156,12.391
3590,54,9.8822,10.665
3590,55,10.44,4.8883
3600,52,8.7419,12.817
3600,54,9.7287,11.455
3600,55,10.355,5.5672
3610,52,8.6495,13.238
3610,54,9.676,12.233
3610,55,10.271,6.246
3610,56,8.4426,11.045
3620,52,8.5571,13.659
3620,54,9.6347,13.011
3620,55,10.202,6.8822
3620,56,8.6216,11.006
3630,52,8.4741,14.112
3630,54,9.5433,13.806
3630,55,10.135,7.5136
3630,56,8.8006,10.966
3640,52,8.3975,14.585
3640,54,9.4187,14.611
3640,55,10.088,8.1248
3640,56,8.9796,10.927
3650,52,8.3206,15.059
3650,54,9.2941,15.416
3650,55,10.069,8.7057
3650,56,9.1626,10.923
3660,55,10.049,9.2866
3660,56,9.3464,10.923
3670,55,10.006,9.8401
3670,56,9.45,10.907
3680,55,9.9605,10.39
3680,56,9.3669,10.852
3690,55,9.8788,10.948
3690,56,9.2839,10.797
3690,57,9.7003,15.256
3700,55,9.7142,11.521
3700,56,9.1423,10.696
3700,57,9.8237,14.704
3710,55,9.5497,12.095
3710,56,9.0011,10.594
3710,57,9.9471,14.153
3720,55,9.3679,12.687
3720,56,8.8595,10.493
3720,57,10.071,13.601
3730,55,9.1605,13.31
3730,57,10.185,13.044
3740,55,8.9629,13.933
3740,57,10.297,12.485
3750,55,8.8543,14.564
3750,57,10.409,11.926
3760,55,8.7457,15.196
3760,57,10.539,11.359
3770,57,10.682,10.788
3780,57,10.826,10.217
3790,57,10.967,9.6416
3800,57,11.089,9.033
3810,57,11.212,8.4243
3820,57,11.334,7.8156
3830,57,11.457,7.207
3840,58,9.5156,14.657
3840,59,12.521,3.2963
3850,58,9.6777,13.891
3850,59,12.318,4.1704
3860,58,9.8397,13.124
3860,59,12.117,5.0446
3870,58,9.9352,12.425
3870,59,11.899,5.8993
3880,58,9.9862,11.771
3880,59,11.678,6.749
3890,58,10.037,11.117
3890,59,11.459,7.6026
3900,58,10.062,10.436
3900,59,11.257,8.4931
3910,58,10.081,9.7477
3910,59,11.055,9.3836
3920,58,10.12,9.0551
3920,59,10.778,10.241
3930,58,10.244,8.3439
3930,59,10.425,11.066
3940,58,10.367,7.6327
3940,59,10.071,11.891
3950,58,10.513,6.9138
3950,59,9.58,12.783
3960,58,10.712,6.1772
3960,59,9.0886,13.674
3970,60,8.0801,14.764
3980,60,8.292,14.0
3990,60,8.5042,13.236
3990,62,7.1555,3.3786
4000,60,8.8056,12.553
4000,61,10.246,8.1492
4000,62,7.4364,3.6882
4010,60,9.1452,11.906
4010,61,10.141,8.486
4010,62,7.7171,3.9976
4020,60,9.4968,11.256
4020,61,10.036,8.8227
4020,62,7.998,4.3072
4020,63,10.396,14.842
4030,60,9.955,10.582
4030,61,9.9304,9.1839
4030,62,8.2784,4.7363
4030,63,10.52,14.261
4040,60,10.413,9.9087
4040,61,9.822,9.6431
4040,62,8.5586,5.2854
4040,63,10.644,13.68
4050,60,10.773,9.2264
4050,61,9.7135,10.102
4050,62,8.8304,5.8293
4050,63,10.797,13.125
4060,60,11.066,8.5384
4060,61,9.5703,10.549
4060,62,9.0691,6.3516
4060,63,10.95,12.569
4070,60,11.36,7.8503
4070,61,9.4271,10.995
4070,62,9.3077,6.8742
4070,63,11.05,12.013
4080,60,11.505,7.1213
4080,61,9.2259,11.364
4080,62,9.5435,7.3899
4080,63,11.098,11.458
4090,60,11.65,6.392
4090,61,8.9664,11.657
4090,62,9.7722,7.8899
4090,63,11.145,10.902
4100,60,11.791,5.6554
4100,61,8.7094,11.943
4100,62,10.001,8.3898
4100,63,11.219,10.295
4110,60,11.919,4.8889
4110,61,8.4629,12.203
4110,62,10.36,8.8021
4110,63,11.292,9.6879
4120,60,12.047,4.1222
4120,61,8.2163,12.462
4120,62,10.733,9.2047
4120,63,11.384,9.1167
4130,60,12.192,3.3674
4130,61,7.9693,12.674
4130,62,10.968,9.5724
4130,63,11.503,8.5992
4140,60,12.363,2.6308
4140,61,7.7206,12.691
4140,62,11.108,9.9167
4140,63,11.623,8.0819
4150,60,12.533,1.8942
4150,61,7.472,12.709
4150,62,11.149,10.274
4150,63,11.742,7.5347
4160,60,12.727,1.1954
4160,61,7.4297,12.537
4160,62,11.04,10.651
4160,63,11.861,6.9874
4170,60,12.937,0.52195
4170,61,7.4388,12.319
4170,62,10.931,11.028
4170,63,11.981,6.4402
4180,60,13.147,-0.15153
4180,61,7.4481,12.1
4180,62,10.599,11.184
4180,63,12.069,5.9181
4190,62,10.266,11.339
4190,63,12.158,5.3957
4200,62,9.9998,11.306
4200,63,12.246,4.8735
4210,62,9.7612,11.192
4220,62,9.5225,11.078
4220,64,11.34,2.2941
4220,65,9.0559,6.8765
4230,64,11.14,2.9255
4230,65,9.5877,6.7425
4240,64,10.939,3.5569
4240,65,10.119,6.6086
4250,64,10.707,4.1803
4250,65,10.683,6.4173
4260,64,10.453,4.7986
4260,65,11.247,6.226
4270,64,10.2,5.4167
4270,65,11.685,6.0443
4270,66,7.9669,11.245
4280,64,9.9077,6.0313
4280,65,12.092,5.865
4280,66,8.1116,10.843
4280,67,7.1732,15.224
4290,64,9.5583,6.6402
4290,65,12.478,5.6796
4290,66,8.2562,10.441
4290,67,7.1063,14.45
4300,64,9.2089,7.249
4300,65,12.673,5.4405
4300,66,8.4008,10.039
4300,67,7.0395,13.675
4310,64,8.9204,7.8859
4310,65,12.868,5.2014
4310,66,8.7497,9.4806
4310,67,6.9927,12.888
4310,68,9.618,10.313
4320,64,8.6724,8.5417
4320,65,12.689,5.0973
4320,66,9.0984,8.922
4320,67,6.9927,12.07
4320,68,9.4839,9.8919
4330,64,8.4247,9.1973
4330,65,12.469,5.0082
4330,66,9.3268,8.3311
4330,67,6.9927,11.253
4330,68,9.2719,9.4078
4340,64,8.4247,9.8089
4340,65,12.211,4.9373
4340,66,9.3746,7.6912
4340,67,7.0624,10.467
4340,68,8.9438,8.829
4350,64,8.4247,10.421
4350,65,11.864,4.9087
4350,66,9.4223,7.0514
4350,67,7.1617,9.6955
4350,68,8.6991,8.2608
4360,64,8.4247,11.032
4360,65,11.514,4.8746
4360,66,9.3445,6.4482
4360,67,7.2925,8.9589
4360,68,8.4784,7.6978
4370,64,8.4963,11.695
4370,65,11.14,4.7923
4370,66,9.2526,5.8492
4370,67,7.4956,8.3041
4370,68,8.2696,7.1453
4380,64,8.5858,12.37
4380,65,10.767,4.7098
4380,66,9.1555,5.2722
4380,67,7.6989,7.6491
4380,68,8.0667,6.6086
4390,64,8.6001,13.053
4390,65,10.539,4.6058
4390,66,9.0452,4.746
4390,67,7.9345,7.0036
4390,68,7.8679,6.0824
4400,64,8.502,13.746
4400,65,10.348,4.4964
4400,66,8.9349,4.2198
4400,67,8.1915,6.364
4400,68,7.6772,5.5784
4410,64,8.4037,14.439
4410,65,10.157,4.3869
4410,66,8.7927,3.756
4410,67,8.4486,5.7247
4410,68,7.4889,5.08
4420,64,8.3054,15.132
4420,66,8.6366,3.3188
4420,67,8.6872,4.9838
4420,68,7.4135,4.4917
4430,66,8.4925,2.8766
4430,67,8.9259,4.243
4430,68,7.3507,3.8936
4440,66,8.4543,2.3884
4440,67,9.1507,3.5122
4440,68,7.2911,3.3237
4450,66,8.4161,1.9001
4450,67,9.3619,2.7918
4450,68,7.2314,2.7535
4460,66,8.4815,1.5311
4460,67,9.5731,2.0714
4460,68,7.119,2.1648
4470,66,8.6156,1.2417
4470,67,9.8948,1.4059
4470,68,6.9713,1.5635
4480,66,8.75,0.95235
4480,67,10.229,0.74652
4480,68,6.6935,0.98645
4490,66,8.8841,0.66297
4490,67,10.563,0.086922
4490,68,6.2856,0.43398
4500,68,5.878,-0.11849
4510,69,13.047,9.4282
4510,70,13.383,10.198
4520,69,12.79,9.3743
4520,70,13.07,10.227
4530,69,12.533,9.3204
4530,70,12.758,10.256
4530,72,7.5937,7.1819
4540,69,12.276,9.2664
4540,70,12.46,10.268
4540,72,7.9266,6.9881
4550,69,11.989,9.2394
4550,70,12.179,10.263
4550,72,8.2595,6.7942
4560,69,11.67,9.2394
4560,70,11.897,10.257
4560,71,8.5963,14.97
4560,72,8.5925,6.6004
4570,69,11.352,9.2394
4570,70,11.616,10.252
4570,71,8.6419,13.978
4570,72,8.9378,6.3158
4580,69,11.037,9.2453
4580,70,11.304,10.273
4580,71,8.6872,12.986
4580,72,9.2958,5.941
4590,69,10.732,9.2744
4590,70,10.971,10.311
4590,71,8.7848,12.029
4590,72,9.6538,5.5662
4600,69,10.428,9.3032
4600,70,10.638,10.349
4600,71,8.8824,11.072
4600,72,9.987,5.1581
4600,73,9.8531,0.17006
4610,69,10.122,9.3236
4610,70,10.297,10.395
4610,71,8.9879,10.14
4610,72,10.262,4.6723
4610,73,9.8163,0.81766
4610,74,10.2,0.44871
4620,69,9.8113,9.3236
4620,70,9.9345,10.457
4620,71,9.0953,9.2142
4620,72,10.538,4.1866
4620,73,9.7796,1.4653
4620,74,10.123,1.1778
4630,69,9.4791,9.3034
4630,70,9.5719,10.519
4630,71,9.3077,8.2942
4630,72,10.768,3.6726
4630,73,9.7254,2.0994
4630,74,10.047,1.907
4640,69,9.0956,9.2356
4640,70,9.2543,10.518
4640,71,9.5464,7.3757
4640,72,10.979,3.1465
4640,73,9.6538,2.7203
4640,74,10.002,2.5934
4640,75,11.481,-0.10039
4650,69,8.712,9.1681
4650,70,8.9662,10.475
4650,71,9.86,6.5274
4650,72,11.182,2.6207
4650,73,9.5583,3.3416
4650,74,9.9707,3.2614
4650,75,11.298,0.46618
4660,69,8.3309,9.1232
4660,70,8.6781,10.431
4660,71,10.224,5.7257
4660,72,11.306,2.0988
4660,73,9.439,3.9635
4660,74,9.9204,3.9186
4660,75,11.114,1.033
4670,69,7.9524,9.1016
4670,70,8.3357,10.457
4670,71,10.558,4.9213
4670,72,11.43,1.5768
4670,73,9.3182,4.5831
4670,74,9.8407,4.5601
4670,75,10.931,1.5995
4680,69,7.5736,9.0797
4680,70,7.9696,10.513
4680,71,10.863,4.1146
4680,72,11.527,1.126
4680,73,9.1941,5.1976
4680,74,9.7621,5.2143
4680,75,11.006,2.1756
4680,76,7.055,0.32769
4690,69,7.1923,9.0801
4690,70,7.6037,10.57
4690,71,11.23,3.3613
4690,72,11.607,0.72253
4690,73,9.07,5.8122
4690,74,9.6853,5.8983
4690,75,11.047,2.7649
4690,76,7.3703,0.8989
4690,77,9.26,-0.014522
4700,69,6.8087,9.095
4700,70,7.1887,10.658
4700,71,11.623,2.6308
4700,72,11.686,0.31928
4700,73,8.9536,6.4133
4700,74,9.6087,6.5823
4700,75,10.859,3.4577
4700,76,7.6858,1.4703
4700,77,9.0213,0.58446
4710,69,6.425,9.1102
4710,70,6.7524,10.759
4710,71,11.945,1.9363
4710,72,11.766,-0.084186
4710,73,8.839,7.011
4710,74,9.4951,7.2518
4710,75,10.859,4.1091
4710,76,8.1144,1.9293
4710,77,8.6958,1.1422
4720,69,5.997,9.1468
4720,70,6.3164,10.861
4720,71,12.267,1.2417
4720,73,8.7216,7.639
4720,74,9.345,7.9065
4720,75,10.854,4.7746
4720,76,8.5918,2.3402
4720,77,8.2894,1.6599
4730,69,5.5579,9.1889
4730,70,5.8684,10.919
4730,71,12.536,0.46555
4730,73,8.5975,8.3378
4730,74,9.1946,8.5613
4730,75,10.832,5.4961
4730,76,9.0631,2.6676
4730,77,7.8918,2.1789
4740,69,5.1376,9.2259
4740,70,5.4176,10.965
4740,71,12.804,-0.31044
4740,73,8.4734,9.0365
4740,74,9.0514,9.2224
4740,75,10.799,6.2104
4740,76,9.5304,2.9396
4740,77,7.5416,2.7887
4750,69,4.7617,9.2516
4750,70,5.0369,10.829
4750,73,8.3758,9.6814
4750,74,8.9099,9.8849
4750,75,10.68,6.8595
4750,76,9.9667,3.2412
4750,77,7.209,3.4118
4760,69,4.3856,9.2771
4760,70,4.6565,10.692
4760,73,8.2848,10.313
4760,74,8.776,10.546
4760,75,10.561,7.5083
4760,76,10.278,3.6621
4760,77,6.9834,4.0666
4770,69,4.0095,9.3026
4770,70,4.2758,10.556
4770,73,8.2058,10.97
4770,74,8.7104,11.2
4770,75,10.282,8.0781
4770,76,10.589,4.083
4770,77,6.7684,4.7586
4780,69,3.5964,9.1731
4780,70,3.8761,10.438
4780,73,8.1316,11.637
4780,74,8.6445,11.853
4780,75,9.9347,8.6137
4780,76,10.746,4.5275
4780,77,6.5775,5.5373
4790,69,3.1832,9.0435
4790,70,3.4317,10.366
4790,73,8.0576,12.305
4790,74,8.5846,12.495
4790,75,9.496,9.0569
4790,76,10.885,4.9748
4790,77,6.3758,6.3097
4800,69,2.7517,8.9222
4800,70,2.9873,10.293
4800,73,7.9767,12.95
4800,74,8.5493,13.096
4800,75,8.8256,9.311
4800,76,10.907,5.3932
4800,77,6.1491,7.0674
4810,69,2.2921,8.813
4810,70,2.5475,10.234
4810,73,7.8942,13.59
4810,74,8.5139,13.696
4810,75,8.1495,9.5057
4810,76,10.811,5.7825
4810,77,5.9608,7.8354
4820,69,1.8324,8.704
4820,70,2.1143,10.195
4820,73,7.8113,14.217
4820,74,8.4753,14.318
4820,75,7.5319,9.7037
4820,76,10.661,6.0027
4820,77,5.8627,8.6278
4830,69,1.3799,8.5889
4830,70,1.6811,10.156
4830,73,7.7278,14.796
4830,74,8.433,14.962
4830,75,6.866,9.7235
4830,76,10.455,6.0534
4830,77,5.7247,9.4499
4840,69,0.93077,8.4712
4840,70,1.2339,10.115
4840,73,7.6443,15.374
4840,75,6.2235,9.6145
4840,76,10.249,6.1041
4840,77,5.5608,10.292
4850,69,0.48162,8.3536
4850,70,0.78042,10.073
4850,75,5.6486,9.251
4850,76,9.9664,6.0235
4850,77,5.4548,11.052
4860,69,0.032219,8.2359
4860,70,0.32696,10.031
4860,75,5.0835,8.8806
4860,76,9.6323,5.8551
4860,77,5.3531,11.818
4870,75,4.6061,8.4491
4870,76,9.2982,5.6868
4870,77,5.2696,12.607
4880,75,4.1288,8.0177
4880,77,5.1861,13.396
4890,78,8.7946,3.5434
4890,81,3.9792,6.3121
4900,78,8.6753,3.0078
4900,81,4.5431,6.0919
4910,78,8.5357,2.4723
4910,79,8.3292,0.084186
4910,80,8.8213,-0.039147
4910,81,5.1073,5.872
4920,78,8.2128,1.9401
4920,79,8.3292,0.53837
4920,80,8.8667,0.47207
4920,81,5.7085,5.7785
4930,78,7.9951,1.368
4930,79,8.3247,1.0001
4930,80,8.9123,0.98308
4930,81,6.3094,5.6849
4940,78,7.9354,0.73663
4940,79,8.2805,1.5301
4940,80,8.9459,1.496
4940,81,6.8789,5.5392
4950,78,7.8758,0.10523
4950,79,8.2364,2.0602
4950,80,8.9746,2.0095
4950,81,7.3746,5.2722
4960,79,8.1782,2.5818
4960,80,8.9736,2.5226
4960,81,7.8703,5.0051
4960,82,9.9304,14.943
4960,83,8.9328,15.153
4970,79,8.0984,3.0903
4970,80,8.8543,3.0336
4970,81,8.4032,4.6671
4970,82,10.06,14.312
4970,83,9.018,14.522
4980,79,8.019,3.599
4980,80,8.7349,3.5449
4980,81,8.9521,4.2987
4980,82,10.189,13.68
4980,83,9.1032,13.891
4990,79,7.8741,4.1552
4990,80,8.5996,4.0199
4990,81,9.3025,3.9344
4990,82,10.319,13.049
4990,83,9.1884,13.259
5000,79,7.7292,4.7115
5000,80,8.4381,4.4572
5000,81,9.5676,3.572
5000,82,10.435,12.449
5000,83,9.2991,12.598
5010,79,7.5911,5.27
5010,80,8.2655,4.96
5010,81,9.7936,3.1029
5010,82,10.546,11.863
5010,83,9.4101,11.936
5010,84,11.602,0.17974
5020,79,7.4796,5.8383
5020,80,8.1249,5.5188
5020,81,9.9784,2.5767
5020,82,10.657,11.277
5020,83,9.5414,11.282
5020,84,11.393,0.9252
5030,79,7.3681,6.4066
5030,80,8.0323,6.162
5030,81,10.126,2.0055
5030,82,10.764,10.656
5030,83,9.7555,10.658
5030,84,11.184,1.6705
5040,79,7.2491,6.9733
5040,80,7.9891,6.7191
5040,81,10.221,1.4411
5040,82,10.87,10.033
5040,83,9.9693,10.034
5040,84,10.949,2.4046
5050,79,7.0987,7.5347
5050,80,7.9791,7.219
5050,81,10.237,0.88669
5050,82,10.987,9.4059
5050,83,10.172,9.4008
5050,84,10.701,3.1336
5060,79,6.9486,8.096
5060,80,7.9474,7.7316
5060,81,10.253,0.33253
5060,82,11.15,8.7648
5060,83,10.349,8.7461
5060,84,10.454,3.8629
5070,79,6.8426,8.6514
5070,80,7.828,8.2953
5070,81,10.269,-0.22162
5070,82,11.312,8.124
5070,83,10.526,8.0911
5070,84,10.2,4.6086
5080,79,6.781,9.2013
5080,80,7.7087,8.8591
5080,82,11.445,7.4458
5080,83,10.649,7.4631
5080,84,9.9447,5.3559
5080,85,10.525,-0.15532
5090,79,6.7195,9.7513
5090,80,7.6187,9.4145
5090,82,11.578,6.7677
5090,83,10.737,6.8527
5090,84,9.6896,6.1035
5090,85,10.366,0.4323
5100,79,6.6593,10.305
5100,80,7.5724,9.9577
5100,82,11.706,6.0986
5100,83,10.824,6.2424
5100,84,9.6132,6.9033
5100,85,10.207,1.0199
5110,79,6.6018,10.864
5110,80,7.5261,10.501
5110,82,11.826,5.451
5110,83,10.953,5.6049
5110,84,9.5368,7.703
5110,85,10.04,1.5964
5120,79,6.5443,11.422
5120,80,7.4825,11.046
5120,82,11.945,4.8034
5120,83,11.109,4.9491
5120,84,9.4633,8.4965
5120,85,9.8566,2.1467
5130,79,6.4713,11.994
5130,80,7.4438,11.596
5130,82,12.027,4.1417
5130,83,11.265,4.2935
5130,84,9.3927,9.2838
5130,85,9.6731,2.6971
5130,86,8.2918,-0.16332
5140,79,6.3827,12.579
5140,80,7.4054,12.146
5140,82,12.093,3.4741
5140,83,11.38,3.6465
5140,84,9.3218,10.071
5140,85,9.4447,3.2388
5140,86,8.36,0.54826
5150,79,6.2944,13.163
5150,80,7.3562,12.704
5150,82,12.159,2.8063
5150,83,11.495,2.9995
5150,84,9.2564,10.863
5150,85,9.1972,3.7766
5150,86,8.428,1.2598
5160,79,6.2028,13.764
5160,80,7.2643,13.295
5160,82,12.249,2.2053
5160,83,11.606,2.3509
5160,84,9.192,11.657
5160,85,8.9497,4.3145
5160,86,8.5042,2.0205
5170,79,6.1104,14.368
5170,80,7.1727,13.886
5170,82,12.347,1.6206
5170,83,11.707,1.6985
5170,84,9.1395,12.443
5170,85,8.6801,4.7811
5170,86,8.5839,2.8021
5180,79,6.018,14.972
5180,80,7.0786,14.432
5180,82,12.455,1.0325
5180,83,11.808,1.046
5180,84,9.133,13.202
5180,85,8.4101,5.2479
5180,86,8.6514,3.5884
5190,80,6.9832,14.947
5190,82,12.668,0.41272
5190,83,11.91,0.39357
5190,84,9.1268,13.961
5190,85,8.0268,5.6194
5190,86,8.7111,4.3777
5200,82,12.88,-0.20689
5200,83,12.011,-0.25887
5200,84,9.1206,14.719
5200,85,7.5951,5.9501
5200,86,8.7349,5.1812
5210,84,9.1142,15.478
5210,85,7.1973,6.0342
5210,86,8.7349,5.9945
5220,85,6.8223,5.9541
5220,86,8.7125,6.7646
5230,85,6.4472,5.8741
5230,86,8.6564,7.4702
5230,87,11.218,5.0979
5240,87,11.156,5.6125
5240,88,8.2918,14.842
5240,89,8.876,14.81
5250,87,11.094,6.1268
5250,88,8.36,14.346
5250,89,8.9194,14.377
5260,87,11.032,6.6414
5260,88,8.428,13.85
5260,89,8.9629,13.943
5270,87,10.932,7.1487
5270,88,8.5474,13.346
5270,89,9.0264,13.49
5270,90,7.4433,15.242
5280,87,10.828,7.655
5280,88,8.6884,12.839
5280,89,9.171,12.961
5280,90,7.577,14.484
5290,87,10.723,8.1614
5290,88,8.7739,12.353
5290,89,9.3156,12.432
5290,90,7.7106,13.727
5300,87,10.636,8.6844
5300,88,8.8037,11.889
5300,89,9.4602,11.902
5300,90,7.85,12.981
5300,91,8.8753,2.6491
5310,87,10.557,9.2144
5310,88,8.8438,11.421
5310,89,9.6259,11.442
5310,90,8.0027,12.266
5310,91,9.0094,3.1885
5320,87,10.477,9.7445
5320,88,8.9774,10.924
5320,89,9.7939,10.99
5320,90,8.1555,11.55
5320,91,9.1438,3.7278
5330,87,10.388,10.262
5330,88,9.1111,10.427
5330,89,9.9466,10.533
5330,90,8.3328,10.863
5330,91,9.2779,4.2672
5340,87,10.298,10.779
5340,88,9.2619,9.9457
5340,89,10.039,10.055
5340,90,8.5166,10.183
5340,91,9.3946,4.8213
5350,87,10.169,11.297
5350,88,9.4242,9.4743
5350,89,10.13,9.5778
5350,90,8.6793,9.501
5350,91,9.4996,5.3854
5360,87,10.013,11.815
5360,88,9.5882,9.0035
5360,89,10.239,9.11
5360,90,8.7588,8.8094
5360,91,9.5991,5.9591
5370,87,9.8566,12.333
5370,88,9.7672,8.5388
5370,89,10.358,8.6484
5370,90,8.8409,8.1122
5370,91,9.6504,6.6206
5380,87,9.6638,12.859
5380,88,9.9461,8.0741
5380,89,10.477,8.1871
5380,90,8.9459,7.3673
5380,91,9.6323,7.1137
5390,87,9.4712,13.386
5390,88,9.9695,7.5797
5390,89,10.604,7.703
5390,90,9.0464,6.6364
5390,91,9.5917,7.5767
5400,87,9.2917,13.898
5400,88,9.9261,7.0727
5400,89,10.732,7.219
5400,90,9.1645,5.9166
5400,91,9.5798,8.2081
5410,87,9.1328,14.389
5410,88,9.9199,6.5781
5410,89,10.859,6.7349
5410,90,9.3237,5.224
5410,91,9.555,8.8376
5410,92,12.524,0.36032
5410,93,13.619,0.51122
5420,87,8.9736,14.88
5420,88,9.9507,6.0961
5420,89,10.886,6.2361
5420,90,9.4827,4.5311
5420,91,9.4791,9.4594
5420,92,12.424,1.0706
5420,93,13.432,1.0222
5430,87,8.8144,15.371
5430,88,9.9815,5.6139
5430,89,10.912,5.7371
5430,90,9.649,3.8431
5430,91,9.4032,10.081
5430,92,12.325,1.781
5430,93,13.244,1.5334
5440,88,10.033,5.1128
5440,89,10.921,5.2427
5440,90,9.8161,3.1555
5440,91,9.2579,10.639
5440,92,12.144,2.5641
5440,93,13.107,2.0144
5450,88,10.115,4.5831
5450,89,10.889,4.7586
5450,90,9.9831,2.4681
5450,91,9.1127,11.198
5450,92,11.955,3.355
5450,93,13.022,2.4654
5460,88,10.197,4.0533
5460,89,10.857,4.2745
5460,90,10.175,1.81
5460,91,8.8793,11.72
5460,92,11.766,4.1462
5460,93,12.937,2.9164
5470,88,10.268,3.5291
5470,89,10.865,3.7884
5470,90,10.369,1.1552
5470,91,8.608,12.227
5470,92,11.57,4.7776
5470,93,12.828,3.4495
5480,88,10.328,3.0105
5480,89,10.965,3.2974
5480,90,10.568,0.50512
5480,91,8.3173,12.586
5480,92,11.374,5.409
5480,93,12.709,4.0178
5480,94,11.885,0.35779
5490,88,10.388,2.4917
5490,89,11.064,2.8061
5490,90,10.785,-0.12628
5490,91,8.007,12.796
5490,92,11.149,6.0805
5490,93,12.589,4.586
5490,94,11.838,0.98919
5500,88,10.441,1.9489
5500,89,11.107,2.2617
5500,91,7.6674,12.811
5500,92,10.806,6.9134
5500,93,12.397,5.1082
5500,94,11.79,1.6206
5510,88,10.491,1.396
5510,89,11.144,1.7113
5510,91,7.2987,12.629
5510,92,10.464,7.746
5510,93,12.174,5.6106
5510,94,11.739,2.1634
5520,88,10.54,0.84291
5520,89,11.208,1.1748
5520,91,6.9782,12.356
5520,92,10.154,8.5036
5520,93,11.951,6.113
5520,94,11.679,2.7049
5530,88,10.59,0.28981
5530,89,11.335,0.67117
5530,91,6.7708,11.871
5530,92,9.849,9.2529
5530,93,11.756,6.6297
5530,94,11.526,3.2353
5540,88,10.64,-0.26329
5540,89,11.463,0.16753
5540,91,6.5631,11.386
5540,92,9.5225,9.9971
5540,93,11.581,7.1558
5540,94,11.374,3.7656
5550,89,11.591,-0.3359
5550,91,6.4655,10.793
5550,92,9.1645,10.734
5550,93,11.406,7.682
5550,94,11.232,4.3512
5560,91,6.3679,10.2
5560,92,8.8056,11.482
5560,93,11.178,8.1799
5560,94,11.097,4.9733
5570,91,6.3407,9.556
5570,92,8.4424,12.278
5570,93,10.915,8.6587
5570,94,10.983,5.5921
5580,91,6.3312,8.8993
5580,92,8.0791,13.075
5580,93,10.652,9.1378
5580,94,10.919,6.2024
5590,91,6.2658,8.2547
5590,92,7.8194,13.851
5590,93,10.377,9.6422
5590,94,10.856,6.8128
5600,91,6.0696,7.6384
5600,92,7.5712,14.626
5600,93,10.097,10.157
5600,94,10.793,7.4204
5610,91,5.8737,7.022
5610,92,7.323,15.4
5610,93,9.817,10.673
5610,94,10.734,8.0217
5620,91,5.667,6.5082
5620,93,9.5225,11.197
5620,94,10.674,8.623
5630,91,5.45,6.0968
5630,93,9.2242,11.723
5630,94,10.546,9.2207
5640,91,5.2331,5.6855
5640,93,8.9259,12.249
5640,94,10.35,9.8144
5650,93,8.6879,12.786
5650,94,10.154,10.408
5660,93,8.4906,13.33
5660,94,9.8748,10.969
5660,95,12.33,0.031149
5670,93,8.293,13.875
5670,94,9.5598,11.517
5670,95,12.135,0.50659
5670,96,11.467,0.22899
5680,93,8.1958,14.4
5680,94,9.2653,12.053
5680,95,11.941,0.98224
5680,96,11.286,0.74252
5690,93,8.1416,14.916
5690,94,9.0531,12.544
5690,95,11.752,1.4585
5690,96,11.104,1.2561
5700,93,8.0872,15.433
5700,94,8.8409,13.035
5700,95,11.61,1.9418
5700,96,10.927,1.7368
5710,94,8.7125,13.57
5710,95,11.469,2.425
5710,96,10.75,2.2036
5720,94,8.6679,14.149
5720,95,11.326,2.9375
5720,96,10.593,2.694
5730,94,8.623,14.727
5730,95,11.181,3.4937
5730,96,10.466,3.2201
5740,94,8.5784,15.306
5740,95,11.036,4.05
5740,96,10.339,3.7463
5750,95,10.915,4.5951
5750,96,10.209,4.2958
5760,95,10.809,5.133
5760,96,10.077,4.8805
5770,95,10.702,5.6708
5770,96,9.9442,5.4651
5780,95,10.555,6.1723
5780,96,9.8051,6.0088
5790,95,10.403,6.6698
5790,96,9.6636,6.5349
5800,95,10.203,7.1348
5800,96,9.5218,7.0611
5810,95,9.981,7.5858
5810,96,9.3538,7.5502
5820,95,9.7595,8.0368
5820,96,9.1593,8.0023
5830,95,9.5941,8.559
5830,96,8.9648,8.4544
5840,95,9.4349,9.0889
5840,96,8.7426,8.9692
5850,95,9.2653,9.6191
5850,96,8.5135,9.4996
5860,95,9.0531,10.149
5860,96,8.2913,10.039
5870,95,8.8409,10.679
5870,96,8.0856,10.597
5880,95,8.6915,11.246
5880,96,7.8798,11.156
5890,95,8.6049,11.848
5890,96,7.677,11.737
5900,95,8.4753,12.444
5900,96,7.4779,12.351
5910,95,8.2462,13.025
5910,96,7.2791,12.965
5920,95,8.0171,13.606
5920,96,7.1094,13.541
5930,95,7.8023,14.143
5930,96,6.94,14.117
5940,95,7.5913,14.669
5940,96,6.7703,14.693
5950,95,7.3801,15.196
5950,96,6.6009,15.269
5970,97,8.119,14.796
5970,98,8.7686,14.748
5980,97,8.2233,14.25
5980,98,8.8357,14.275
5990,97,8.3278,13.705
5990,98,8.9027,13.801
6000,97,8.4261,13.16
6000,98,8.9877,13.304
6010,97,8.5108,12.616
6010,98,9.1147,12.752
6020,97,8.5956,12.073
6020,98,9.2414,12.199
6030,97,8.6977,11.52
6030,98,9.3686,11.65
6040,97,8.8693,10.928
6040,98,9.4987,11.134
6040,99,8.7316,14.923
6050,97,9.0407,10.337
6050,98,9.6287,10.617
6050,99,8.8338,14.3
6060,97,9.2123,9.7445
6060,98,9.759,10.1
6060,99,8.9361,13.676
6070,97,9.3605,9.1929
6070,98,9.8719,9.5482
6070,99,9.0223,13.055
6070,100,9.1147,14.64
6080,97,9.5084,8.6415
6080,98,9.9803,8.9869
6080,99,9.0841,12.439
6080,100,9.0629,13.908
6090,97,9.6516,8.0896
6090,98,10.089,8.4255
6090,99,9.1459,11.824
6090,100,8.9987,13.16
6100,97,9.7488,7.5361
6100,98,10.191,7.8684
6100,99,9.2354,11.192
6100,100,8.8851,12.348
6110,97,9.8461,6.9828
6110,98,10.286,7.3151
6110,99,9.3366,10.554
6110,100,8.7786,11.536
6110,101,8.4025,15.128
6120,97,9.9504,6.4293
6120,98,10.382,6.762
6120,99,9.4378,9.9167
6120,100,8.739,10.717
6120,101,8.5132,14.519
6130,97,10.065,5.876
6130,98,10.477,6.2087
6130,99,9.5056,9.2876
6130,100,8.7209,9.8803
6130,101,8.6242,13.91
6140,97,10.18,5.3225
6140,98,10.589,5.6628
6140,99,9.5225,8.6712
6140,100,8.7533,9.0003
6140,101,8.7349,13.301
6150,97,10.272,4.7957
6150,98,10.701,5.1168
6150,99,9.5395,8.0547
6150,100,8.7865,8.1214
6150,101,8.9139,12.647
6160,97,10.354,4.2804
6160,98,10.813,4.5711
6160,99,9.6156,7.4456
6160,100,8.8247,7.2543
6160,101,9.0929,11.994
6170,97,10.437,3.7652
6170,98,10.939,4.018
6170,99,9.7311,6.8414
6170,100,8.8629,6.3872
6170,101,9.2633,11.353
6180,97,10.565,3.2201
6180,98,11.07,3.4632
6180,99,9.8466,6.2371
6180,100,8.8884,5.4811
6180,101,9.3999,10.767
6190,97,10.704,2.6676
6190,98,11.2,2.9082
6190,99,9.9545,5.6398
6190,100,8.9054,4.549
6190,101,9.5361,10.18
6200,97,10.836,2.1246
6200,98,11.346,2.3593
6200,99,10.054,5.0491
6200,100,8.9225,3.6171
6200,101,9.6753,9.5762
6210,97,10.958,1.5962
6210,98,11.507,1.8161
6210,99,10.154,4.4585
6210,100,8.9867,2.6805
6210,101,9.8185,8.9448
6220,97,11.08,1.0675
6220,98,11.669,1.2729
6220,99,10.241,3.838
6220,100,9.0626,1.7431
6220,101,9.9617,8.3134
6230,97,11.203,0.53879
6230,98,11.826,0.7522
6230,99,10.308,3.173
6230,100,9.2273,0.83134
6230,101,10.122,7.711
6240,97,11.325,0.010313
6240,98,11.977,0.26477
6240,99,10.375,2.5079
6240,100,9.4509,-0.06314
6240,101,10.309,7.1518
6250,98,12.128,-0.22267
6250,99,10.484,1.9016
6250,101,10.495,6.5928
6260,99,10.597,1.3017
6260,101,10.681,6.026
6270,99,10.711,0.7019
6270,101,10.862,5.4283
6280,99,10.824,0.10208
6280,101,11.043,4.8306
6290,102,8.8065,15.048
6290,103,9.6161,3.817
6290,104,13.766,0.54237
6300,102,8.9698,14.262
6300,103,9.492,4.4147
6300,104,13.67,1.1978
6310,102,9.124,13.47
6310,103,9.3679,5.0124
6310,104,13.575,1.8534
6320,102,9.1956,12.628
6320,103,9.281,5.6041
6320,104,13.48,2.5087
6330,102,9.2736,11.79
6330,103,9.1984,6.195
6330,104,13.386,3.1612
6340,102,9.4101,10.988
6340,103,9.1104,6.7955
6340,104,13.299,3.8067
6350,102,9.5464,10.187
6350,103,9.0094,7.4189
6350,104,13.211,4.452
6360,102,9.7397,9.3646
6360,103,8.9085,8.0423
6360,104,13.12,5.1198
6360,105,13.025,-0.06314
6370,102,9.9328,8.5428
6370,103,8.8101,8.6602
6370,104,13.02,5.8394
6370,105,12.964,0.35779
6380,102,10.03,7.7546
6380,103,8.7128,9.276
6380,104,12.92,6.5591
6380,105,12.903,0.77872
6390,102,10.117,6.9702
6390,103,8.6156,9.8919
6390,104,12.795,7.2779
6390,105,12.842,1.1997
6400,102,10.203,6.1338
6400,103,8.377,10.523
6400,104,12.573,7.9935
6400,105,12.78,1.6206
6410,102,10.289,5.2751
6410,103,8.1383,11.155
6410,104,12.35,8.709
6410,105,12.719,2.076
6420,102,10.361,4.4229
6420,103,7.8996,11.779
6420,104,12.105,9.4078
6420,105,12.658,2.5401
6430,102,10.38,3.5973
6430,103,7.661,12.373
6430,104,11.773,10.039
6430,105,12.597,3.0042
6430,106,8.7588,14.985
6430,107,8.1681,15.256
6440,102,10.398,2.7716
6440,103,7.4223,12.968
6440,104,11.44,10.671
6440,105,12.536,3.4683
6440,106,8.7684,14.404
6440,107,8.2278,14.633
6450,102,10.446,1.9407
6450,103,7.2374,13.62
6450,104,11.072,11.305
6450,105,12.49,4.0026
6450,106,8.7779,13.823
6450,107,8.2875,14.011
6460,102,10.515,1.1064
6460,103,7.0584,14.278
6460,104,10.65,11.945
6460,105,12.447,4.5448
6460,106,8.8469,13.237
6460,107,8.3538,13.388
6470,102,10.583,0.27213
6470,103,6.8794,14.935
6470,104,10.228,12.584
6470,105,12.404,5.0869
6470,106,8.9755,12.646
6470,107,8.4361,12.764
6480,104,9.9001,13.319
6480,105,12.343,5.6068
6480,106,9.1039,12.056
6480,107,8.5185,12.139
6490,104,9.5963,14.078
6490,105,12.272,6.1119
6490,106,9.2824,11.515
6490,107,8.6455,11.526
6500,104,9.2925,14.837
6500,105,12.2,6.617
6500,106,9.4667,10.98
6500,107,8.8395,10.927
6510,104,8.9889,15.596
6510,105,12.153,7.1221
6510,106,9.6507,10.445
6510,107,9.0333,10.329
6520,105,12.121,7.6273
6520,106,9.8197,9.887
6520,107,9.2137,9.7195
6530,105,12.089,8.1324
6530,106,9.966,9.2965
6530,107,9.3407,9.0685
6540,105,12.007,8.6173
6540,106,10.112,8.7059
6540,107,9.4674,8.4173
6550,105,11.893,9.0887
6550,106,10.239,8.1187
6550,107,9.5941,7.7662
6560,105,11.782,9.5623
6560,106,10.321,7.5399
6560,107,9.6784,7.1781
6570,105,11.708,10.056
6570,106,10.403,6.9611
6570,107,9.7626,6.5901
6580,105,11.634,10.549
6580,106,10.483,6.3771
6580,107,9.8469,6.002
6580,108,11.811,0.11007
6590,105,11.564,11.049
6590,106,10.545,5.7457
6590,107,9.8848,5.3955
6590,108,11.783,0.79009
6600,105,11.509,11.576
6600,106,10.607,5.1143
6600,107,9.892,4.7769
6600,108,11.756,1.4701
6600,109,8.4366,10.197
6610,105,11.454,12.102
6610,106,10.668,4.4829
6610,107,9.8994,4.1584
6610,108,11.71,2.1352
6610,109,8.7469,10.05
6620,105,11.443,12.605
6620,106,10.714,3.8191
6620,107,9.9022,3.5299
6620,108,11.644,2.7857
6620,109,9.0571,9.9024
6630,105,11.462,13.093
6630,106,10.76,3.1553
6630,107,9.8946,2.8787
6630,108,11.563,3.4209
6630,109,9.3695,9.6803
6640,105,11.474,13.587
6640,106,10.816,2.5214
6640,107,9.8872,2.2276
6640,108,11.444,4.0199
6640,109,9.6841,9.3838
6650,105,11.42,14.123
6650,106,10.888,1.9321
6650,107,9.8967,1.5837
6650,108,11.324,4.6189
6650,109,10.003,9.0681
6660,105,11.366,14.659
6660,106,10.959,1.3428
6660,107,10.059,1.005
6660,108,11.238,5.2214
6660,109,10.333,8.7072
6670,105,11.312,15.196
6670,106,11.047,0.7663
6670,107,10.221,0.42619
6670,108,11.165,5.8253
6670,109,10.654,8.3435
6680,106,11.159,0.2092
6680,107,10.383,-0.15259
6680,108,11.011,6.3958
6680,109,10.944,7.9676
6690,108,10.735,6.9165
6690,109,11.456,7.6188
6700,108,10.503,7.486
6700,109,11.609,7.2128
6710,108,10.317,8.1042
6710,109,11.785,6.7601
6720,108,10.13,8.7225
6720,109,11.976,6.2761
6730,108,9.9419,9.3417
6730,109,12.005,5.7817
6740,108,9.7488,9.963
6740,109,11.925,5.2806
6750,108,9.5555,10.584
6750,109,11.845,4.7797
6750,110,9.4032,10.965
6750,111,9.2361,0.77872
6760,110,9.5447,10.334
6760,111,9.3361,1.0911
6770,110,9.686,9.7024
6770,111,9.4364,1.4034
6780,110,9.8388,9.0982
6780,111,9.5364,1.7157
6790,110,10.018,8.5569
6790,111,9.7213,2.1188
6800,110,10.197,8.0158
6800,111,9.9158,2.5319
6810,110,10.383,7.4372
6810,111,10.111,2.952
6820,110,10.578,6.8214
6820,111,10.308,3.4005
6830,110,10.772,6.2056
6830,111,10.505,3.8488
6840,110,10.975,5.6013
6840,111,10.525,4.3322
6850,110,11.18,5.0
6850,111,10.525,4.8197
6860,110,11.327,4.4299
6860,111,10.399,5.3736
6870,110,11.45,3.8732
6870,111,10.271,5.9221
6880,110,11.574,3.3165
6880,111,10.124,6.4232
6890,110,11.67,2.715
6890,111,9.976,6.9243
6890,112,7.4319,14.822
6890,113,8.0774,15.008
6890,114,6.4915,11.26
6900,112,7.5751,14.138
6900,113,8.2077,14.358
6900,114,6.7302,11.681
6910,112,7.7183,13.454
6910,113,8.3378,13.707
6910,114,6.9689,12.102
6920,112,7.8829,12.808
6920,113,8.4734,13.098
6920,114,7.0054,12.5
6930,112,8.05,12.166
6930,113,8.6111,12.507
6930,114,7.0297,12.858
6940,112,8.2035,11.499
6940,113,8.7478,11.917
6940,114,7.0946,13.058
6950,112,8.3552,10.829
6950,113,8.8772,11.329
6950,114,7.1598,13.259
6960,112,8.5063,10.21
6960,113,9.0065,10.742
6960,114,7.2297,13.296
6970,112,8.6571,9.6115
6970,113,9.1099,10.123
6970,114,7.2996,13.332
6980,112,8.7607,8.9869
6980,113,9.2022,9.492
6980,114,7.3696,13.368
6990,112,8.8524,8.3555
6990,113,9.2946,8.8606
6990,114,7.4395,13.405
7000,112,8.9514,7.7142
7000,113,9.3982,8.2473
7000,114,7.5097,13.441
7010,112,9.0786,7.0337
7010,113,9.5089,7.646
7010,114,7.5839,13.504
7020,112,9.2058,6.3533
7020,113,9.6197,7.0445
7020,114,7.6765,13.673
7030,112,9.3364,5.684
7030,113,9.7714,6.371
7030,114,7.7689,13.843
7040,112,9.4796,5.0596
7040,113,9.9333,5.6796
7040,114,7.8495,14.029
7050,112,9.6228,4.4351
7050,113,10.095,4.988
7050,114,7.8266,14.354
7060,112,9.7521,3.8035
7060,113,10.191,4.3846
7060,114,7.8035,14.68
7070,112,9.8261,3.1431
7070,113,10.286,3.7814
7070,114,7.7803,15.006
7080,112,9.9003,2.4829
7080,113,10.382,3.178
7090,112,9.9414,1.8386
7090,113,10.586,2.5917
7100,112,9.9051,1.2329
7100,113,10.791,2.0055
7100,115,8.4932,14.868
7110,112,9.8691,0.62698
7110,113,11.002,1.4305
7110,115,8.597,14.072
7120,112,9.8328,0.021047
7120,113,11.241,0.90058
7120,115,8.7008,13.276
7130,113,11.48,0.37084
7130,115,8.7595,12.438
7140,113,11.718,-0.1589
7140,115,8.8135,11.597
7150,115,8.8674,10.755
7160,115,8.9099,9.9914
7170,115,8.9497,9.2478
7170,116,11.05,0.084186
7180,115,8.9896,8.5043
7180,116,10.967,0.60235
7180,117,10.4,0.25508
7190,115,8.9906,7.7241
7190,116,10.885,1.1203
7190,117,10.3,0.75494
7200,115,8.9822,6.9348
7200,116,10.795,1.6096
7200,117,10.201,1.2548
7210,115,8.9736,6.1456
7210,116,10.693,2.0562
7210,117,10.106,1.765
7220,115,8.9369,5.3037
7220,116,10.592,2.5026
7220,117,10.013,2.276
7230,115,8.9001,4.4619
7230,116,10.49,2.9558
7230,117,9.9139,2.7916
7240,115,8.9259,3.6038
7240,116,10.375,3.4704
7240,117,9.7707,3.3472
7250,115,9.0452,2.7215
7250,116,10.26,3.9847
7250,117,9.6275,3.9029
7260,115,9.1645,1.839
7260,116,10.15,4.5052
7260,117,9.5065,4.4105
7270,115,9.3984,0.9976
7270,116,10.048,5.0343
7270,117,9.4006,4.8859
7280,115,9.6609,0.16627
7280,116,9.9452,5.5634
7280,117,9.2944,5.3614
7290,116,9.843,6.0928
7290,117,9.2261,5.9044
7290,118,8.9056,15.171
7300,116,9.7469,6.5785
7300,117,9.1617,6.4548
7300,118,8.8879,14.556
7310,116,9.6514,7.0596
7310,117,9.0977,6.979
7310,118,8.8703,13.94
7320,116,9.5559,7.5408
7320,117,9.034,7.442
7320,118,8.86,13.321
7330,116,9.4567,8.0398
7330,117,8.9705,7.9051
7330,118,8.9173,12.673
7340,116,9.3512,8.5659
7340,117,8.8822,8.3828
7340,118,8.9746,12.024
7350,116,9.2459,9.0921
7350,117,8.7371,8.8953
7350,118,9.1407,11.421
7360,116,9.1407,9.6183
7360,117,8.5918,9.4078
7360,118,9.3793,10.847
7370,116,9.0089,10.133
7370,117,8.4326,9.9535
7370,118,9.618,10.246
7380,116,8.8774,10.649
7380,117,8.2736,10.499
7380,118,9.8566,9.6042
7390,116,8.75,11.168
7390,117,8.1209,11.056
7390,118,10.067,8.9816
7400,116,8.6605,11.72
7400,117,7.9832,11.639
7400,118,10.21,8.4028
7410,116,8.571,12.273
7410,117,7.8455,12.221
7410,118,10.346,7.7872
